<annotation>
  <anno/>
  <filename>14170320.jpg</filename>
    <object>
    <name>蓝牙耳机</name>
    <bndbox>
      <ymin>151</ymin>
      <xmin>22</xmin>
      <ymax>253</ymax>
      <xmax>105</xmax>
    </bndbox>
  </object>
  <object>
    <name>蓝牙耳机</name>
    <bndbox>
      <ymin>141</ymin>
      <xmin>152</xmin>
      <ymax>236</ymax>
      <xmax>241</xmax>
    </bndbox>
  </object>
  <object>
    <name>蓝牙耳机</name>
    <bndbox>
      <ymin>133</ymin>
      <xmin>309</xmin>
      <ymax>222</ymax>
      <xmax>404</xmax>
    </bndbox>
  </object>
</annotation>
