<annotation>
  <anno/>
  <filename>14170315.jpg</filename>
    <object>
    <name>蓝牙耳机</name>
    <bndbox>
      <ymin>38</ymin>
      <xmin>138</xmin>
      <ymax>133</ymax>
      <xmax>253</xmax>
    </bndbox>
  </object>
  <object>
    <name>蓝牙耳机</name>
    <bndbox>
      <ymin>156</ymin>
      <xmin>80</xmin>
      <ymax>262</ymax>
      <xmax>180</xmax>
    </bndbox>
  </object>
  <object>
    <name>蓝牙耳机</name>
    <bndbox>
      <ymin>116</ymin>
      <xmin>266</xmin>
      <ymax>227</ymax>
      <xmax>394</xmax>
    </bndbox>
  </object>
</annotation>
