<annotation>
  <anno/>
  <filename>14170314.jpg</filename>
    <object>
    <name>蓝牙耳机</name>
    <bndbox>
      <ymin>34</ymin>
      <xmin>133</xmin>
      <ymax>132</ymax>
      <xmax>263</xmax>
    </bndbox>
  </object>
  <object>
    <name>蓝牙耳机</name>
    <bndbox>
      <ymin>159</ymin>
      <xmin>73</xmin>
      <ymax>258</ymax>
      <xmax>186</xmax>
    </bndbox>
  </object>
  <object>
    <name>蓝牙耳机</name>
    <bndbox>
      <ymin>118</ymin>
      <xmin>256</xmin>
      <ymax>226</ymax>
      <xmax>401</xmax>
    </bndbox>
  </object>
</annotation>
