<annotation>
  <anno/>
  <filename>14170321.jpg</filename>
    <object>
    <name>蓝牙耳机</name>
    <bndbox>
      <ymin>159</ymin>
      <xmin>32</xmin>
      <ymax>239</ymax>
      <xmax>100</xmax>
    </bndbox>
  </object>
  <object>
    <name>蓝牙耳机</name>
    <bndbox>
      <ymin>148</ymin>
      <xmin>143</xmin>
      <ymax>226</ymax>
      <xmax>243</xmax>
    </bndbox>
  </object>
  <object>
    <name>蓝牙耳机</name>
    <bndbox>
      <ymin>136</ymin>
      <xmin>305</xmin>
      <ymax>223</ymax>
      <xmax>401</xmax>
    </bndbox>
  </object>
</annotation>
