<annotation>
  <anno/>
  <filename>14170322.jpg</filename>
    <object>
    <name>蓝牙耳机</name>
    <bndbox>
      <ymin>147</ymin>
      <xmin>149</xmin>
      <ymax>224</ymax>
      <xmax>236</xmax>
    </bndbox>
  </object>
  <object>
    <name>蓝牙耳机</name>
    <bndbox>
      <ymin>154</ymin>
      <xmin>25</xmin>
      <ymax>241</ymax>
      <xmax>105</xmax>
    </bndbox>
  </object>
  <object>
    <name>蓝牙耳机</name>
    <bndbox>
      <ymin>132</ymin>
      <xmin>305</xmin>
      <ymax>223</ymax>
      <xmax>398</xmax>
    </bndbox>
  </object>
</annotation>
