<annotation>
  <anno/>
  <filename>14170344.jpg</filename>
    <object>
    <name>蓝牙耳机</name>
    <bndbox>
      <ymin>92</ymin>
      <xmin>78</xmin>
      <ymax>205</ymax>
      <xmax>182</xmax>
    </bndbox>
  </object>
  <object>
    <name>蓝牙耳机</name>
    <bndbox>
      <ymin>76</ymin>
      <xmin>227</xmin>
      <ymax>210</ymax>
      <xmax>344</xmax>
    </bndbox>
  </object>
  <object>
    <name>蓝牙耳机</name>
    <bndbox>
      <ymin>240</ymin>
      <xmin>226</xmin>
      <ymax>359</ymax>
      <xmax>338</xmax>
    </bndbox>
  </object>
  <object>
    <name>蓝牙耳机</name>
    <bndbox>
      <ymin>236</ymin>
      <xmin>72</xmin>
      <ymax>356</ymax>
      <xmax>201</xmax>
    </bndbox>
  </object>
</annotation>
