<annotation>
  <anno/>
  <filename>14170508.jpg</filename>
    <object>
    <name>蓝牙耳机</name>
    <bndbox>
      <ymin>142</ymin>
      <xmin>165</xmin>
      <ymax>332</ymax>
      <xmax>310</xmax>
    </bndbox>
  </object>
  <object>
    <name>蓝牙耳机</name>
    <bndbox>
      <ymin>0</ymin>
      <xmin>23</xmin>
      <ymax>165</ymax>
      <xmax>234</xmax>
    </bndbox>
  </object>
  <object>
    <name>蓝牙耳机</name>
    <bndbox>
      <ymin>297</ymin>
      <xmin>9</xmin>
      <ymax>414</ymax>
      <xmax>181</xmax>
    </bndbox>
  </object>
</annotation>
