<annotation>
  <anno/>
  <filename>14170313.jpg</filename>
    <object>
    <name>蓝牙耳机</name>
    <bndbox>
      <ymin>33</ymin>
      <xmin>132</xmin>
      <ymax>136</ymax>
      <xmax>259</xmax>
    </bndbox>
  </object>
  <object>
    <name>蓝牙耳机</name>
    <bndbox>
      <ymin>162</ymin>
      <xmin>77</xmin>
      <ymax>261</ymax>
      <xmax>182</xmax>
    </bndbox>
  </object>
  <object>
    <name>蓝牙耳机</name>
    <bndbox>
      <ymin>115</ymin>
      <xmin>265</xmin>
      <ymax>218</ymax>
      <xmax>393</xmax>
    </bndbox>
  </object>
</annotation>
