<annotation>
  <anno/>
  <filename>14170323.jpg</filename>
    <object>
    <name>蓝牙耳机</name>
    <bndbox>
      <ymin>153</ymin>
      <xmin>28</xmin>
      <ymax>234</ymax>
      <xmax>94</xmax>
    </bndbox>
  </object>
  <object>
    <name>蓝牙耳机</name>
    <bndbox>
      <ymin>148</ymin>
      <xmin>148</xmin>
      <ymax>228</ymax>
      <xmax>234</xmax>
    </bndbox>
  </object>
  <object>
    <name>蓝牙耳机</name>
    <bndbox>
      <ymin>141</ymin>
      <xmin>304</xmin>
      <ymax>217</ymax>
      <xmax>398</xmax>
    </bndbox>
  </object>
</annotation>
