<annotation>
  <anno/>
  <filename>14170510.jpg</filename>
    <object>
    <name>蓝牙耳机</name>
    <bndbox>
      <ymin>176</ymin>
      <xmin>181</xmin>
      <ymax>324</ymax>
      <xmax>323</xmax>
    </bndbox>
  </object>
  <object>
    <name>蓝牙耳机</name>
    <bndbox>
      <ymin>2</ymin>
      <xmin>43</xmin>
      <ymax>158</ymax>
      <xmax>221</xmax>
    </bndbox>
  </object>
  <object>
    <name>蓝牙耳机</name>
    <bndbox>
      <ymin>289</ymin>
      <xmin>5</xmin>
      <ymax>415</ymax>
      <xmax>167</xmax>
    </bndbox>
  </object>
</annotation>
