<annotation>
  <anno/>
  <filename>14170346.jpg</filename>
    <object>
    <name>蓝牙耳机</name>
    <bndbox>
      <ymin>87</ymin>
      <xmin>70</xmin>
      <ymax>214</ymax>
      <xmax>195</xmax>
    </bndbox>
  </object>
  <object>
    <name>蓝牙耳机</name>
    <bndbox>
      <ymin>80</ymin>
      <xmin>221</xmin>
      <ymax>204</ymax>
      <xmax>342</xmax>
    </bndbox>
  </object>
  <object>
    <name>蓝牙耳机</name>
    <bndbox>
      <ymin>236</ymin>
      <xmin>79</xmin>
      <ymax>358</ymax>
      <xmax>200</xmax>
    </bndbox>
  </object>
  <object>
    <name>蓝牙耳机</name>
    <bndbox>
      <ymin>235</ymin>
      <xmin>223</xmin>
      <ymax>363</ymax>
      <xmax>334</xmax>
    </bndbox>
  </object>
</annotation>
