<annotation>
  <anno/>
  <filename>14170312.jpg</filename>
    <object>
    <name>蓝牙耳机</name>
    <bndbox>
      <ymin>34</ymin>
      <xmin>142</xmin>
      <ymax>141</ymax>
      <xmax>260</xmax>
    </bndbox>
  </object>
  <object>
    <name>蓝牙耳机</name>
    <bndbox>
      <ymin>154</ymin>
      <xmin>75</xmin>
      <ymax>260</ymax>
      <xmax>183</xmax>
    </bndbox>
  </object>
  <object>
    <name>蓝牙耳机</name>
    <bndbox>
      <ymin>116</ymin>
      <xmin>266</xmin>
      <ymax>231</ymax>
      <xmax>384</xmax>
    </bndbox>
  </object>
</annotation>
