<annotation>
  <anno/>
  <filename>14170488.jpg</filename>
    <object>
    <name>蓝牙耳机</name>
    <bndbox>
      <ymin>93</ymin>
      <xmin>109</xmin>
      <ymax>149</ymax>
      <xmax>166</xmax>
    </bndbox>
  </object>
  <object>
    <name>蓝牙耳机</name>
    <bndbox>
      <ymin>60</ymin>
      <xmin>159</xmin>
      <ymax>106</ymax>
      <xmax>220</xmax>
    </bndbox>
  </object>
  <object>
    <name>蓝牙耳机</name>
    <bndbox>
      <ymin>136</ymin>
      <xmin>163</xmin>
      <ymax>181</ymax>
      <xmax>218</xmax>
    </bndbox>
  </object>
</annotation>
